Species,Year,Julian Day of Year,Plant Identification Number,Number of Buds,Number of Flowers,Number of Flowers that have Reached Maturity,Observer Initials,Observer Comments
EspËce,AnnÈe,Jour julien,NumÈro díidentification de la plante,Nombre de bourgeons,Nombre de fleurs,Nombre de fleurs ayant atteint la maturitÈ,Initiales de líobservateur,Commentaires de líobservateur
Dryas integrifolia,2016,169,1,12,0,0,"AF, IW",
Dryas integrifolia,2016,172,1,47,0,0,LP,
Dryas integrifolia,2016,175,1,48,0,0,"AF, LP",
Dryas integrifolia,2016,178,1,48,3,0,LP,
Dryas integrifolia,2016,181,1,33,3,0,LP,
Dryas integrifolia,2016,184,1,28,8,0,LP,
Dryas integrifolia,2016,188,1,11,25,0,LP,
Dryas integrifolia,2016,190,1,2,24,7,LP ,
Dryas integrifolia,2016,193,1,0,8,23,AF ,
Dryas integrifolia,2016,196,1,0,0,31,LP,
Dryas integrifolia,2016,199,1,4,0,31,LP,
Dryas integrifolia,2016,202,1,0,0,31,LP ,
Dryas integrifolia,2016,214,1,0,0,3,EH,
Dryas integrifolia,2016,169,2,6,0,0,"AF, IW",
Dryas integrifolia,2016,172,2,9,0,0,LP,
Dryas integrifolia,2016,175,2,13,0,0,"AF, LP",
Dryas integrifolia,2016,178,2,14,3,0,LP,
Dryas integrifolia,2016,181,2,8,8,0,LP,
Dryas integrifolia,2016,184,2,6,10,0,LP,
Dryas integrifolia,2016,188,2,4,12,0,LP,
Dryas integrifolia,2016,190,2,0,7,9,LP ,
Dryas integrifolia,2016,193,2,0,2,14,AF ,
Dryas integrifolia,2016,196,2,0,1,16,LP,
Dryas integrifolia,2016,199,2,0,0,16,LP ,
Dryas integrifolia,2016,202,2,0,0,16,LP,
Dryas integrifolia,2016,214,2,0,0,1,EH,
Dryas integrifolia,2016,169,3,9,0,0,"AF, IW",
Dryas integrifolia,2016,172,3,15,0,0,LP,
Dryas integrifolia,2016,175,3,15,0,0,"AF, LP",
Dryas integrifolia,2016,178,3,16,0,0,LP,
Dryas integrifolia,2016,181,3,11,5,0,LP,
Dryas integrifolia,2016,184,3,8,8,0,LP,
Dryas integrifolia,2016,188,3,4,12,0,LP,
Dryas integrifolia,2016,190,3,0,11,5,LP,
Dryas integrifolia,2016,193,3,0,16,0,AF,
Dryas integrifolia,2016,196,3,0,0,16,LP,
Dryas integrifolia,2016,199,3,0,0,16,LP,
Dryas integrifolia,2016,202,3,0,0,16,LP,
Dryas integrifolia,2016,214,3,0,0,0,EH,
Dryas integrifolia,2016,169,4,12,0,0,"AF, IW",
Dryas integrifolia,2016,172,4,23,0,0,LP,
Dryas integrifolia,2016,175,4,23,0,0,"AF, LP",
Dryas integrifolia,2016,178,4,15,7,0,LP,
Dryas integrifolia,2016,181,4,12,12,0,LP,
Dryas integrifolia,2016,184,4,8,16,0,LP,
Dryas integrifolia,2016,188,4,2,22,0,LP,
Dryas integrifolia,2016,190,4,0,10,14,LP,
Dryas integrifolia,2016,193,4,0,0,24,AF,
Dryas integrifolia,2016,196,4,0,0,24,LP,
Dryas integrifolia,2016,199,4,0,0,24,LP,
Dryas integrifolia,2016,202,4,0,0,24,LP,
Dryas integrifolia,2016,214,4,0,0,1,EH,
Dryas integrifolia,2016,169,5,9,0,0,"AF, IW",
Dryas integrifolia,2016,172,5,27,0,0,LP,
Dryas integrifolia,2016,175,5,32,3,0,"AF, LP",
Dryas integrifolia,2016,178,5,29,11,0,LP,
Dryas integrifolia,2016,181,5,22,15,0,LP,
Dryas integrifolia,2016,184,5,11,25,0,LP,
Dryas integrifolia,2016,188,5,4,33,0,LP,
Dryas integrifolia,2016,190,5,1,13,22,LP,
Dryas integrifolia,2016,193,5,0,0,36,AF,
Dryas integrifolia,2016,196,5,0,0,36,LP,
Dryas integrifolia,2016,199,5,0,0,36,LP,
Dryas integrifolia,2016,202,5,0,0,36,LP,
Dryas integrifolia,2016,214,5,0,0,4,EH,
Dryas integrifolia,2016,169,6,22,0,0,"AF, IW",
Dryas integrifolia,2016,172,6,28,0,0,LP,
Dryas integrifolia,2016,175,6,30,1,0,"AF, LP",
Dryas integrifolia,2016,178,6,18,13,0,LP,
Dryas integrifolia,2016,181,6,10,22,0,LP,
Dryas integrifolia,2016,184,6,3,31,0,LP,
Dryas integrifolia,2016,188,6,1,33,0,LP,
Dryas integrifolia,2016,190,6,0,6,29,LP,
Dryas integrifolia,2016,193,6,0,0,34,AF,
Dryas integrifolia,2016,196,6,0,0,33,LP,
Dryas integrifolia,2016,199,6,0,0,33,LP,
Dryas integrifolia,2016,202,6,0,0,33,LP,
Dryas integrifolia,2016,214,6,0,0,0,EH,
Dryas integrifolia,2016,169,8,10,0,0,"AF, IW",
Dryas integrifolia,2016,172,8,14,0,0,LP,
Dryas integrifolia,2016,175,8,16,1,0,"AF, LP",
Dryas integrifolia,2016,178,8,13,3,0,LP,
Dryas integrifolia,2016,181,8,8,8,0,LP,
Dryas integrifolia,2016,184,8,5,11,0,LP,
Dryas integrifolia,2016,188,8,0,15,0,LP,
Dryas integrifolia,2016,190,8,2,4,12,LP,
Dryas integrifolia,2016,193,8,0,2,16,AF,
Dryas integrifolia,2016,196,8,0,0,18,LP,
Dryas integrifolia,2016,199,8,0,0,18,LP,
Dryas integrifolia,2016,202,8,0,0,18,LP,
Dryas integrifolia,2016,214,8,0,0,2,EH,
Dryas integrifolia,2016,169,9,7,0,0,"AF, IW",
Dryas integrifolia,2016,172,9,7,0,0,LP,
Dryas integrifolia,2016,175,9,10,0,0,"AF, LP",
Dryas integrifolia,2016,178,9,11,0,0,LP,
Dryas integrifolia,2016,181,9,11,1,0,LP,
Dryas integrifolia,2016,184,9,6,6,0,LP,
Dryas integrifolia,2016,188,9,3,9,0,LP,
Dryas integrifolia,2016,190,9,1,5,6,LP,
Dryas integrifolia,2016,193,9,0,0,10,AF,
Dryas integrifolia,2016,196,9,0,0,11,LP,
Dryas integrifolia,2016,199,9,0,0,11,LP,
Dryas integrifolia,2016,202,9,0,0,11,LP,
Dryas integrifolia,2016,214,9,0,0,3,EH,
Dryas integrifolia,2016,169,10,10,0,0,"AF, IW",
Dryas integrifolia,2016,172,10,10,0,0,LP,
Dryas integrifolia,2016,175,10,17,0,0,"AF, LP",
Dryas integrifolia,2016,178,10,13,3,0,LP,
Dryas integrifolia,2016,181,10,8,7,0,LP,
Dryas integrifolia,2016,184,10,5,10,0,LP,
Dryas integrifolia,2016,188,10,0,16,0,LP,
Dryas integrifolia,2016,190,10,0,3,13,LP,
Dryas integrifolia,2016,193,10,0,0,14,AF,
Dryas integrifolia,2016,196,10,0,0,16,LP,
Dryas integrifolia,2016,199,10,0,0,16,LP,
Dryas integrifolia,2016,202,10,0,0,16,LP,
Dryas integrifolia,2016,214,10,0,0,0,EH,
Dryas integrifolia,2016,169,11,0,0,0,"AF, IW",
Dryas integrifolia,2016,172,11,1,0,0,LP,
Dryas integrifolia,2016,175,11,1,0,0,"AF, LP",
Dryas integrifolia,2016,178,11,1,0,0,LP,
Dryas integrifolia,2016,181,11,1,0,0,LP,
Dryas integrifolia,2016,184,11,1,0,0,LP,
Dryas integrifolia,2016,188,11,0,1,0,LP,
Dryas integrifolia,2016,190,11,0,1,0,LP,
Dryas integrifolia,2016,193,11,0,0,1,AF,
Dryas integrifolia,2016,196,11,0,0,1,LP,
Dryas integrifolia,2016,199,11,0,0,1,LP,
Dryas integrifolia,2016,202,11,0,0,1,LP,
Dryas integrifolia,2016,214,11,0,0,0,EH,
Dryas integrifolia,2016,169,12,8,0,0,"AF, IW",
Dryas integrifolia,2016,172,12,14,0,0,LP,
Dryas integrifolia,2016,175,12,14,0,0,"AF, LP",
Dryas integrifolia,2016,178,12,12,2,0,LP,
Dryas integrifolia,2016,181,12,10,4,0,LP,
Dryas integrifolia,2016,184,12,11,2,0,LP,
Dryas integrifolia,2016,188,12,4,8,0,LP,
Dryas integrifolia,2016,190,12,0,9,2,LP,
Dryas integrifolia,2016,193,12,0,0,11,AF,
Dryas integrifolia,2016,196,12,0,0,11,LP,
Dryas integrifolia,2016,199,12,0,0,11,LP,
Dryas integrifolia,2016,202,12,0,0,10,LP,
Dryas integrifolia,2016,214,12,0,0,0,EH,
Dryas integrifolia,2016,169,13,23,0,0,"AF, IW",
Dryas integrifolia,2016,172,13,51,3,0,LP,
Dryas integrifolia,2016,175,13,52,4,0,"AF, LP",
Dryas integrifolia,2016,178,13,41,21,0,LP,
Dryas integrifolia,2016,181,13,32,33,0,LP,
Dryas integrifolia,2016,184,13,30,36,0,LP,
Dryas integrifolia,2016,188,13,10,49,0,LP,
Dryas integrifolia,2016,190,13,1,19,38,LP,3 flowers have been cut/snapped (not counted)
Dryas integrifolia,2016,193,13,0,1,53,AF,
Dryas integrifolia,2016,196,13,0,0,54,LP,
Dryas integrifolia,2016,199,13,0,0,49,LP,
Dryas integrifolia,2016,202,13,0,0,49,LP,
Dryas integrifolia,2016,214,13,0,0,13,EH,
Dryas integrifolia,2016,169,14,11,0,0,"AF, IW",
Dryas integrifolia,2016,172,14,13,0,0,LP,
Dryas integrifolia,2016,175,14,23,0,0,"AF, LP",
Dryas integrifolia,2016,178,14,23,1,0,LP,
Dryas integrifolia,2016,181,14,19,7,0,LP,
Dryas integrifolia,2016,184,14,12,16,0,LP,
Dryas integrifolia,2016,188,14,7,20,0,LP,
Dryas integrifolia,2016,190,14,5,10,11,LP,
Dryas integrifolia,2016,193,14,0,5,20,AF,
Dryas integrifolia,2016,196,14,0,2,24,LP,
Dryas integrifolia,2016,199,14,0,3,25,LP,
Dryas integrifolia,2016,202,14,0,0,25,LP,
Dryas integrifolia,2016,214,14,0,0,4,EH,
Dryas integrifolia,2016,169,15,28,0,0,"AF, IW",
Dryas integrifolia,2016,172,15,59,3,0,LP,
Dryas integrifolia,2016,175,15,52,10,0,"AF, LP",
Dryas integrifolia,2016,178,15,39,25,0,LP,
Dryas integrifolia,2016,181,15,34,28,0,LP,
Dryas integrifolia,2016,184,15,28,35,1,LP,
Dryas integrifolia,2016,188,15,10,44,10,LP,
Dryas integrifolia,2016,190,15,2,27,37,LP,
Dryas integrifolia,2016,193,15,0,3,53,AF,
Dryas integrifolia,2016,196,15,0,0,60,LP,
Dryas integrifolia,2016,199,15,0,0,61,LP,
Dryas integrifolia,2016,202,15,0,0,70,LP,
Dryas integrifolia,2016,214,15,0,0,9,EH,
Dryas integrifolia,2016,169,16,30,0,0,"AF, IW",
Dryas integrifolia,2016,172,16,79,0,0,LP,
Dryas integrifolia,2016,175,16,92,0,0,"AF, LP",
Dryas integrifolia,2016,178,16,83,22,0,LP,
Dryas integrifolia,2016,181,16,67,38,0,LP,
Dryas integrifolia,2016,184,16,51,46,0,LP,
Dryas integrifolia,2016,188,16,45,58,0,LP,
Dryas integrifolia,2016,190,16,28,33,48,LP,"1 flower broken off/snapped, not counted."
Dryas integrifolia,2016,193,16,20,28,37,AF,
Dryas integrifolia,2016,196,16,19,0,63,LP,
Dryas integrifolia,2016,199,16,9,0,74,LP,
Dryas integrifolia,2016,202,16,9,1,74,LP,
Dryas integrifolia,2016,214,16,0,0,9,EH,
Dryas integrifolia,2016,169,17,12,0,0,"AF, IW",
Dryas integrifolia,2016,172,17,14,0,0,LP,
Dryas integrifolia,2016,175,17,16,0,0,"AF, LP",
Dryas integrifolia,2016,178,17,16,0,0,LP,
Dryas integrifolia,2016,181,17,13,4,0,LP,
Dryas integrifolia,2016,184,17,10,7,0,LP,
Dryas integrifolia,2016,188,17,2,15,0,LP,
Dryas integrifolia,2016,190,17,1,11,5,LP,
Dryas integrifolia,2016,193,17,0,0,15,AF,
Dryas integrifolia,2016,196,17,0,0,15,LP,
Dryas integrifolia,2016,199,17,0,0,16,LP,
Dryas integrifolia,2016,202,17,0,0,15,LP,
Dryas integrifolia,2016,214,17,0,0,0,EH,
Dryas integrifolia,2016,169,18,12,0,0,"AF, IW",
Dryas integrifolia,2016,172,18,19,0,0,LP,
Dryas integrifolia,2016,175,18,17,2,0,"AF, LP",
Dryas integrifolia,2016,178,18,12,7,0,LP,
Dryas integrifolia,2016,181,18,10,9,0,LP,
Dryas integrifolia,2016,184,18,9,10,0,LP,
Dryas integrifolia,2016,188,18,2,16,0,LP,
Dryas integrifolia,2016,190,18,0,9,9,LP,
Dryas integrifolia,2016,193,18,0,0,18,AF,
Dryas integrifolia,2016,196,18,0,0,18,LP,
Dryas integrifolia,2016,199,18,0,0,18,LP,
Dryas integrifolia,2016,202,18,0,0,18,LP,
Dryas integrifolia,2016,214,18,0,0,0,EH,
Dryas integrifolia,2016,169,19,1,0,0,"AF, IW",
Dryas integrifolia,2016,172,19,6,0,0,LP,
Dryas integrifolia,2016,175,19,6,0,0,"AF, LP",
Dryas integrifolia,2016,178,19,13,0,0,LP,
Dryas integrifolia,2016,181,19,13,0,0,LP,
Dryas integrifolia,2016,184,19,13,0,0,LP,
Dryas integrifolia,2016,188,19,11,3,0,LP,
Dryas integrifolia,2016,190,19,7,8,0,LP,
Dryas integrifolia,2016,193,19,1,7,8,AF,
Dryas integrifolia,2016,196,19,1,1,13,LP,
Dryas integrifolia,2016,199,19,1,0,14,LP,
Dryas integrifolia,2016,202,19,1,0,14,LP,
Dryas integrifolia,2016,214,19,0,0,2,EH,
Dryas integrifolia,2016,169,20,4,0,0,"AF, IW",
Dryas integrifolia,2016,172,20,8,0,0,LP,
Dryas integrifolia,2016,175,20,12,0,0,"AF, LP",
Dryas integrifolia,2016,178,20,12,1,0,LP,
Dryas integrifolia,2016,181,20,10,2,0,LP,
Dryas integrifolia,2016,184,20,10,2,0,LP,
Dryas integrifolia,2016,188,20,7,5,1,LP,
Dryas integrifolia,2016,190,20,6,4,3,LP,2 buds started but don't appear to be progressing
Dryas integrifolia,2016,193,20,2,2,4,AF,"2 snapped flowers, not counted; 1 caterpillar"
Dryas integrifolia,2016,196,20,2,2,4,LP,"2 broken flowers, not counted"
Dryas integrifolia,2016,199,20,0,0,6,LP,
Dryas integrifolia,2016,202,20,0,0,6,LP,
Dryas integrifolia,2016,214,20,0,0,0,EH,
Dryas integrifolia,2016,169,22,0,0,0,"AF, IW",
Dryas integrifolia,2016,172,22,5,0,0,LP,
Dryas integrifolia,2016,175,22,7,0,0,"AF, LP",
Dryas integrifolia,2016,178,22,6,3,0,LP,
Dryas integrifolia,2016,181,22,3,6,0,LP,
Dryas integrifolia,2016,184,22,1,7,0,LP,
Dryas integrifolia,2016,188,22,0,9,0,LP,
Dryas integrifolia,2016,190,22,0,4,5,LP,
Dryas integrifolia,2016,193,22,0,0,8,AF,
Dryas integrifolia,2016,196,22,0,0,8,LP,
Dryas integrifolia,2016,199,22,0,0,9,LP,
Dryas integrifolia,2016,202,22,0,0,9,LP,
Dryas integrifolia,2016,214,22,0,0,0,EH,
Dryas integrifolia,2016,169,23,2,0,0,"AF, IW",
Dryas integrifolia,2016,172,23,2,0,0,LP,
Dryas integrifolia,2016,175,23,3,0,0,"AF, LP",
Dryas integrifolia,2016,178,23,5,0,0,LP,
Dryas integrifolia,2016,181,23,7,0,0,LP,
Dryas integrifolia,2016,184,23,6,0,0,LP,
Dryas integrifolia,2016,188,23,6,1,0,LP,
Dryas integrifolia,2016,190,23,2,5,0,LP,
Dryas integrifolia,2016,193,23,1,0,5,AF,
Dryas integrifolia,2016,196,23,1,0,5,LP,
Dryas integrifolia,2016,199,23,0,0,5,LP,
Dryas integrifolia,2016,202,23,0,0,5,LP,
Dryas integrifolia,2016,214,23,0,0,2,EH,
Dryas integrifolia,2016,169,24,9,0,0,"AF, IW",
Dryas integrifolia,2016,172,24,14,0,0,LP,
Dryas integrifolia,2016,175,24,22,0,0,"AF, LP",
Dryas integrifolia,2016,178,24,23,0,0,LP,
Dryas integrifolia,2016,181,24,20,3,0,LP,
Dryas integrifolia,2016,184,24,22,6,0,LP,
Dryas integrifolia,2016,188,24,9,23,0,LP,
Dryas integrifolia,2016,190,24,2,24,6,LP,
Dryas integrifolia,2016,193,24,0,2,27,AF,
Dryas integrifolia,2016,196,24,0,0,29,LP,
Dryas integrifolia,2016,199,24,0,0,31,LP,
Dryas integrifolia,2016,202,24,0,0,31,LP,
Dryas integrifolia,2016,214,24,0,0,8,EH,
Dryas integrifolia,2016,169,25,2,0,0,"AF, IW",
Dryas integrifolia,2016,172,25,10,0,0,LP,
Dryas integrifolia,2016,175,25,12,0,0,"AF, LP",
Dryas integrifolia,2016,178,25,15,0,0,LP,
Dryas integrifolia,2016,181,25,15,0,0,LP,
Dryas integrifolia,2016,184,25,17,0,0,LP,
Dryas integrifolia,2016,188,25,12,5,0,LP,
Dryas integrifolia,2016,190,25,5,12,0,LP,
Dryas integrifolia,2016,193,25,0,5,10,AF,
Dryas integrifolia,2016,196,25,0,1,14,LP,
Dryas integrifolia,2016,199,25,0,0,15,LP,
Dryas integrifolia,2016,202,25,0,0,15,LP,
Dryas integrifolia,2016,214,25,0,0,8,EH,
Saxifraga oppositifolia,2016,163,1,6,0,0,"AF, IW, CP",
Saxifraga oppositifolia,2016,166,1,7,6,0,"AF, IW",
Saxifraga oppositifolia,2016,169,1,0,12,1,"AF, IW",
Saxifraga oppositifolia,2016,172,1,1,2,1,"AF, LP",
Saxifraga oppositifolia,2016,175,1,0,2,8,LP,
Saxifraga oppositifolia,2016,178,1,0,1,9,LP,
Saxifraga oppositifolia,2016,181,1,0,0,9,LP,"Heavy rains June 26 to 29, some flower petals collapsed or fallen off and hard to distinguish on June 26th and 29th."
Saxifraga oppositifolia,2016,184,1,0,0,5,LP,
Saxifraga oppositifolia,2016,188,1,0,0,2,LP,
Saxifraga oppositifolia,2016,190,1,0,0,2,LP,
Saxifraga oppositifolia,2016,193,1,0,0,5,AF,
Saxifraga oppositifolia,2016,196,1,0,0,2,LP,
Saxifraga oppositifolia,2016,199,1,0,0,2,LP,
Saxifraga oppositifolia,2016,202,1,0,0,2,LP,
Saxifraga oppositifolia,2016,214,1,0,0,0,EH,
Saxifraga oppositifolia,2016,163,2,0,0,0,"AF, IW, CP",
Saxifraga oppositifolia,2016,166,2,0,0,0,"AF, IW",
Saxifraga oppositifolia,2016,169,2,0,1,0,"AF, IW",
Saxifraga oppositifolia,2016,172,2,0,3,0,"AF, LP",
Saxifraga oppositifolia,2016,175,2,0,3,0,LP,
Saxifraga oppositifolia,2016,178,2,0,2,1,LP,
Saxifraga oppositifolia,2016,181,2,0,2,1,LP,
Saxifraga oppositifolia,2016,184,2,0,2,1,LP,
Saxifraga oppositifolia,2016,188,2,0,0,3,LP,
Saxifraga oppositifolia,2016,190,2,0,0,3,LP,
Saxifraga oppositifolia,2016,193,2,0,0,1,AF,
Saxifraga oppositifolia,2016,196,2,0,0,1,LP,
Saxifraga oppositifolia,2016,199,2,0,0,0,LP,
Saxifraga oppositifolia,2016,202,2,0,0,0,LP,
Saxifraga oppositifolia,2016,214,2,0,0,0,EH,
Saxifraga oppositifolia,2016,163,4,0,0,0,"AF, IW, CP",
Saxifraga oppositifolia,2016,166,4,0,0,0,"AF, IW",
Saxifraga oppositifolia,2016,169,4,4,0,0,"AF, IW",
Saxifraga oppositifolia,2016,172,4,35,12,0,"AF, LP",
Saxifraga oppositifolia,2016,175,4,24,32,0,LP,
Saxifraga oppositifolia,2016,178,4,8,53,0,LP,
Saxifraga oppositifolia,2016,181,4,4,61,0,LP,
Saxifraga oppositifolia,2016,184,4,5,48,16,LP,
Saxifraga oppositifolia,2016,188,4,13,14,58,LP,
Saxifraga oppositifolia,2016,190,4,2,26,55,LP,
Saxifraga oppositifolia,2016,193,4,0,16,73,AF,
Saxifraga oppositifolia,2016,196,4,0,4,83,LP,
Saxifraga oppositifolia,2016,199,4,0,0,83,LP,
Saxifraga oppositifolia,2016,202,4,0,0,70,LP,
Saxifraga oppositifolia,2016,214,4,0,0,36,EH,
Saxifraga oppositifolia,2016,163,5,0,0,0,"AF, IW, CP",
Saxifraga oppositifolia,2016,166,5,11,0,0,"AF, IW",
Saxifraga oppositifolia,2016,169,5,11,18,0,"AF, IW",
Saxifraga oppositifolia,2016,172,5,2,29,0,"AF, LP",
Saxifraga oppositifolia,2016,175,5,2,29,0,LP,
Saxifraga oppositifolia,2016,178,5,2,22,9,LP,
Saxifraga oppositifolia,2016,181,5,1,21,10,LP,
Saxifraga oppositifolia,2016,184,5,1,10,23,LP,
Saxifraga oppositifolia,2016,188,5,1,8,26,LP,
Saxifraga oppositifolia,2016,190,5,0,4,31,LP,
Saxifraga oppositifolia,2016,193,5,0,3,31,AF,
Saxifraga oppositifolia,2016,196,5,0,0,35,LP,
Saxifraga oppositifolia,2016,199,5,0,0,37,LP,
Saxifraga oppositifolia,2016,202,5,0,0,32,LP,
Saxifraga oppositifolia,2016,214,5,0,0,5,EH,
Saxifraga oppositifolia,2016,163,6,12,0,0,"AF, IW, CP",
Saxifraga oppositifolia,2016,166,6,26,11,0,"AF, IW",
Saxifraga oppositifolia,2016,169,6,14,68,0,"AF, IW",
Saxifraga oppositifolia,2016,172,6,2,76,11,"AF, LP",
Saxifraga oppositifolia,2016,175,6,2,76,15,LP,
Saxifraga oppositifolia,2016,178,6,2,5,87,LP,
Saxifraga oppositifolia,2016,181,6,0,9,80,LP,
Saxifraga oppositifolia,2016,184,6,0,5,89,LP,
Saxifraga oppositifolia,2016,188,6,1,1,92,LP,
Saxifraga oppositifolia,2016,190,6,0,1,89,LP,
Saxifraga oppositifolia,2016,193,6,0,0,64,AF,
Saxifraga oppositifolia,2016,196,6,0,0,80,LP,
Saxifraga oppositifolia,2016,199,6,0,0,77,LP,
Saxifraga oppositifolia,2016,202,6,0,0,62,LP,
Saxifraga oppositifolia,2016,214,6,0,0,2,EH,
Saxifraga oppositifolia,2016,163,7,7,1,0,"AF, IW, CP",
Saxifraga oppositifolia,2016,166,7,1,6,0,"AF, IW",
Saxifraga oppositifolia,2016,169,7,0,1,0,"AF, IW",
Saxifraga oppositifolia,2016,172,7,12,1,1,"AF, LP",
Saxifraga oppositifolia,2016,175,7,9,5,2,LP,
Saxifraga oppositifolia,2016,178,7,3,13,2,LP,
Saxifraga oppositifolia,2016,181,7,2,13,2,LP,
Saxifraga oppositifolia,2016,184,7,0,15,2,LP,
Saxifraga oppositifolia,2016,188,7,1,3,16,LP,
Saxifraga oppositifolia,2016,190,7,2,1,17,LP,
Saxifraga oppositifolia,2016,193,7,0,1,16,AF,
Saxifraga oppositifolia,2016,196,7,1,0,26,LP,
Saxifraga oppositifolia,2016,199,7,1,0,21,LP,
Saxifraga oppositifolia,2016,202,7,0,1,18,LP,
Saxifraga oppositifolia,2016,214,7,0,0,5,EH,
Saxifraga oppositifolia,2016,163,8,40,105,0,"AF, IW, CP",
Saxifraga oppositifolia,2016,166,8,1,144,0,"AF, IW",
Saxifraga oppositifolia,2016,169,8,1,14,129,"AF, IW",
Saxifraga oppositifolia,2016,172,8,0,2,147,"AF, LP",
Saxifraga oppositifolia,2016,175,8,0,2,148,LP,
Saxifraga oppositifolia,2016,178,8,0,1,145,LP,
Saxifraga oppositifolia,2016,181,8,0,2,142,LP,
Saxifraga oppositifolia,2016,184,8,0,0,144,LP,
Saxifraga oppositifolia,2016,188,8,0,0,146,LP,
Saxifraga oppositifolia,2016,190,8,0,0,136,LP,
Saxifraga oppositifolia,2016,193,8,0,0,104,AF,
Saxifraga oppositifolia,2016,196,8,0,0,109,LP,
Saxifraga oppositifolia,2016,199,8,0,0,106,LP,
Saxifraga oppositifolia,2016,202,8,0,0,92,LP,
Saxifraga oppositifolia,2016,214,8,0,0,0,EH,
Saxifraga oppositifolia,2016,163,9,2,0,0,"AF, IW, CP",
Saxifraga oppositifolia,2016,166,9,3,5,0,"AF, IW",
Saxifraga oppositifolia,2016,169,9,3,12,0,"AF, IW",
Saxifraga oppositifolia,2016,172,9,0,7,10,"AF, LP",
Saxifraga oppositifolia,2016,175,9,0,6,11,LP,
Saxifraga oppositifolia,2016,178,9,0,2,16,LP,
Saxifraga oppositifolia,2016,181,9,1,1,16,LP,
Saxifraga oppositifolia,2016,184,9,1,1,16,LP,
Saxifraga oppositifolia,2016,188,9,0,2,16,LP,
Saxifraga oppositifolia,2016,190,9,0,2,16,LP,
Saxifraga oppositifolia,2016,193,9,0,0,15,AF,
Saxifraga oppositifolia,2016,196,9,0,0,16,LP,
Saxifraga oppositifolia,2016,199,9,0,0,17,LP,
Saxifraga oppositifolia,2016,202,9,0,0,16,LP,
Saxifraga oppositifolia,2016,214,9,0,0,1,EH,
Saxifraga oppositifolia,2016,163,10,35,49,0,"AF, IW, CP",
Saxifraga oppositifolia,2016,166,10,2,90,1,"AF, IW",
Saxifraga oppositifolia,2016,169,10,0,79,4,"AF, IW",
Saxifraga oppositifolia,2016,172,10,0,3,80,"AF, LP",
Saxifraga oppositifolia,2016,175,10,0,2,83,LP,
Saxifraga oppositifolia,2016,178,10,0,1,87,LP,
Saxifraga oppositifolia,2016,181,10,0,1,72,LP,
Saxifraga oppositifolia,2016,184,10,0,1,74,LP,
Saxifraga oppositifolia,2016,188,10,1,1,84,LP,
Saxifraga oppositifolia,2016,190,10,0,1,85,LP,
Saxifraga oppositifolia,2016,193,10,0,1,81,AF,
Saxifraga oppositifolia,2016,196,10,0,0,84,LP,
Saxifraga oppositifolia,2016,199,10,0,0,95,LP,
Saxifraga oppositifolia,2016,202,10,0,0,82,LP,
Saxifraga oppositifolia,2016,214,10,0,0,1,EH,
Saxifraga oppositifolia,2016,163,13,34,42,0,"AF, IW, CP",
Saxifraga oppositifolia,2016,166,13,0,79,1,"AF, IW",
Saxifraga oppositifolia,2016,169,13,0,6,78,"AF, IW",
Saxifraga oppositifolia,2016,172,13,0,0,84,"AF, LP",
Saxifraga oppositifolia,2016,175,13,0,0,84,LP,
Saxifraga oppositifolia,2016,178,13,0,0,79,LP,
Saxifraga oppositifolia,2016,181,13,0,0,81,LP,
Saxifraga oppositifolia,2016,184,13,0,0,81,LP,
Saxifraga oppositifolia,2016,188,13,0,0,70,LP,
Saxifraga oppositifolia,2016,190,13,0,0,68,LP,
Saxifraga oppositifolia,2016,193,13,0,0,61,AF,
Saxifraga oppositifolia,2016,196,13,0,0,63,LP,
Saxifraga oppositifolia,2016,199,13,0,0,68,LP,
Saxifraga oppositifolia,2016,202,13,0,0,60,LP,
Saxifraga oppositifolia,2016,214,13,0,0,0,EH,
Saxifraga oppositifolia,2016,163,14,17,112,0,"AF, IW, CP",
Saxifraga oppositifolia,2016,166,14,0,126,1,"AF, IW",
Saxifraga oppositifolia,2016,169,14,0,54,60,"AF, IW",
Saxifraga oppositifolia,2016,172,14,0,0,115,"AF, LP",
Saxifraga oppositifolia,2016,175,14,0,0,120,LP,
Saxifraga oppositifolia,2016,178,14,0,0,118,LP,
Saxifraga oppositifolia,2016,181,14,0,0,119,LP,
Saxifraga oppositifolia,2016,184,14,0,0,112,LP,
Saxifraga oppositifolia,2016,188,14,0,0,89,LP,
Saxifraga oppositifolia,2016,190,14,0,0,89,LP,
Saxifraga oppositifolia,2016,193,14,0,0,66,AF,
Saxifraga oppositifolia,2016,196,14,0,0,60,LP,"Hair from Arctic hare over plant, stems cut/snapped off; difficult to count but all have matured."
Saxifraga oppositifolia,2016,199,14,0,0,19,LP,"Arctic hare sat on plant, difficult to count."
Saxifraga oppositifolia,2016,202,14,0,0,12,LP,
Saxifraga oppositifolia,2016,214,14,0,0,0,EH,
Saxifraga oppositifolia,2016,163,15,0,0,0,"AF, IW, CP",
Saxifraga oppositifolia,2016,166,15,0,0,0,"AF, IW",
Saxifraga oppositifolia,2016,169,15,0,0,0,"AF, IW",
Saxifraga oppositifolia,2016,172,15,0,0,0,"AF, LP",
Saxifraga oppositifolia,2016,175,15,0,0,0,LP,
Saxifraga oppositifolia,2016,178,15,0,0,0,LP,
Saxifraga oppositifolia,2016,181,15,0,0,0,LP,
Saxifraga oppositifolia,2016,184,15,0,0,0,LP,
Saxifraga oppositifolia,2016,188,15,0,0,0,LP,
Saxifraga oppositifolia,2016,190,15,0,0,0,LP,
Saxifraga oppositifolia,2016,193,15,0,0,0,AF,Plant still alive.
Saxifraga oppositifolia,2016,196,15,0,0,0,LP,
Saxifraga oppositifolia,2016,199,15,0,0,0,LP,
Saxifraga oppositifolia,2016,202,15,0,0,0,LP,
Saxifraga oppositifolia,2016,214,15,0,0,0,EH,
Saxifraga oppositifolia,2016,163,17,2,0,0,"AF, IW, CP",
Saxifraga oppositifolia,2016,166,17,0,2,0,"AF, IW",
Saxifraga oppositifolia,2016,169,17,0,2,0,"AF, IW",
Saxifraga oppositifolia,2016,172,17,3,2,0,"AF, LP",
Saxifraga oppositifolia,2016,175,17,3,2,0,LP,
Saxifraga oppositifolia,2016,178,17,0,3,2,LP,
Saxifraga oppositifolia,2016,181,17,0,3,2,LP,
Saxifraga oppositifolia,2016,184,17,0,3,2,LP,
Saxifraga oppositifolia,2016,188,17,0,3,3,LP,
Saxifraga oppositifolia,2016,190,17,0,1,5,LP,
Saxifraga oppositifolia,2016,193,17,1,1,5,AF,
Saxifraga oppositifolia,2016,196,17,0,1,6,LP,
Saxifraga oppositifolia,2016,199,17,0,1,6,LP,
Saxifraga oppositifolia,2016,202,17,0,1,6,LP,
Saxifraga oppositifolia,2016,214,17,0,0,0,EH,
Saxifraga oppositifolia,2016,163,18,28,25,0,"AF, IW, CP",
Saxifraga oppositifolia,2016,166,18,8,65,0,"AF, IW",
Saxifraga oppositifolia,2016,169,18,1,52,23,"AF, IW",
Saxifraga oppositifolia,2016,172,18,24,45,50,"AF, LP",
Saxifraga oppositifolia,2016,175,18,18,49,47,LP,
Saxifraga oppositifolia,2016,178,18,5,53,66,LP,
Saxifraga oppositifolia,2016,181,18,1,55,72,LP,
Saxifraga oppositifolia,2016,184,18,1,62,72,LP,
Saxifraga oppositifolia,2016,188,18,1,40,95,LP,
Saxifraga oppositifolia,2016,190,18,0,11,122,LP,Petals still blooming when fruiting body becomes obvious - counted as mature.
Saxifraga oppositifolia,2016,193,18,0,4,118,AF,
Saxifraga oppositifolia,2016,196,18,0,2,131,LP,"Counted flowers as mature if fruiting bodies were obvious, even if petals were still on the plant."
Saxifraga oppositifolia,2016,199,18,0,1,130,LP,
Saxifraga oppositifolia,2016,202,18,0,0,141,LP,
Saxifraga oppositifolia,2016,214,18,0,0,27,EH,
Saxifraga oppositifolia,2016,163,19,23,69,0,"AF, IW, CP",
Saxifraga oppositifolia,2016,166,19,4,80,2,"AF, IW",
Saxifraga oppositifolia,2016,169,19,0,23,66,"AF, IW",
Saxifraga oppositifolia,2016,172,19,3,4,90,"AF, LP",
Saxifraga oppositifolia,2016,175,19,4,3,91,LP,
Saxifraga oppositifolia,2016,178,19,0,6,85,LP,
Saxifraga oppositifolia,2016,181,19,0,8,81,LP,
Saxifraga oppositifolia,2016,184,19,0,7,82,LP,
Saxifraga oppositifolia,2016,188,19,1,3,90,LP,
Saxifraga oppositifolia,2016,190,19,0,1,95,LP,
Saxifraga oppositifolia,2016,193,19,0,1,83,AF,
Saxifraga oppositifolia,2016,196,19,0,0,98,LP,
Saxifraga oppositifolia,2016,199,19,0,0,89,LP,
Saxifraga oppositifolia,2016,202,19,0,0,76,LP,
Saxifraga oppositifolia,2016,214,19,0,0,1,EH,
Saxifraga oppositifolia,2016,163,21,17,0,0,"AF, IW, CP",
Saxifraga oppositifolia,2016,166,21,8,12,0,"AF, IW",
Saxifraga oppositifolia,2016,169,21,0,16,4,"AF, IW",
Saxifraga oppositifolia,2016,172,21,5,7,15,"AF, LP",
Saxifraga oppositifolia,2016,175,21,4,8,13,LP,
Saxifraga oppositifolia,2016,178,21,5,10,13,LP,
Saxifraga oppositifolia,2016,181,21,2,13,11,LP,
Saxifraga oppositifolia,2016,184,21,2,15,10,LP,
Saxifraga oppositifolia,2016,188,21,2,12,14,LP,
Saxifraga oppositifolia,2016,190,21,1,10,19,LP,
Saxifraga oppositifolia,2016,193,21,0,6,17,AF,
Saxifraga oppositifolia,2016,196,21,0,5,21,LP,
Saxifraga oppositifolia,2016,199,21,0,0,27,LP,
Saxifraga oppositifolia,2016,202,21,0,0,26,LP,
Saxifraga oppositifolia,2016,214,21,0,0,0,EH,
Saxifraga oppositifolia,2016,163,22,35,3,0,"AF, IW, CP",
Saxifraga oppositifolia,2016,166,22,8,33,0,"AF, IW",
Saxifraga oppositifolia,2016,169,22,0,26,3,"AF, IW",
Saxifraga oppositifolia,2016,172,22,0,14,15,"AF, LP",
Saxifraga oppositifolia,2016,175,22,0,4,27,LP,
Saxifraga oppositifolia,2016,178,22,0,0,30,LP,
Saxifraga oppositifolia,2016,181,22,0,0,29,LP,
Saxifraga oppositifolia,2016,184,22,0,0,29,LP,
Saxifraga oppositifolia,2016,188,22,0,0,28,LP,
Saxifraga oppositifolia,2016,190,22,0,0,25,LP,
Saxifraga oppositifolia,2016,193,22,0,0,24,AF,
Saxifraga oppositifolia,2016,196,22,0,0,25,LP,
Saxifraga oppositifolia,2016,199,22,0,0,4,LP,
Saxifraga oppositifolia,2016,202,22,0,0,2,LP,
Saxifraga oppositifolia,2016,214,22,0,0,0,EH,
Saxifraga oppositifolia,2016,163,23,9,12,0,"AF, IW, CP",
Saxifraga oppositifolia,2016,166,23,2,13,0,"AF, IW",
Saxifraga oppositifolia,2016,169,23,0,6,7,"AF, IW",
Saxifraga oppositifolia,2016,172,23,0,0,13,"AF, LP",
Saxifraga oppositifolia,2016,175,23,0,0,16,LP,
Saxifraga oppositifolia,2016,178,23,0,0,16,LP,
Saxifraga oppositifolia,2016,181,23,0,0,11,LP,
Saxifraga oppositifolia,2016,184,23,0,0,12,LP,
Saxifraga oppositifolia,2016,188,23,0,0,12,LP,
Saxifraga oppositifolia,2016,190,23,0,0,9,LP,Looks as though a few have over-matured and fallen apart.
Saxifraga oppositifolia,2016,193,23,0,0,10,AF,
Saxifraga oppositifolia,2016,196,23,0,0,9,LP,
Saxifraga oppositifolia,2016,199,23,0,0,8,LP,
Saxifraga oppositifolia,2016,202,23,0,0,8,LP,
Saxifraga oppositifolia,2016,214,23,0,0,0,EH,
Saxifraga oppositifolia,2016,163,24,29,13,0,"AF, IW, CP",
Saxifraga oppositifolia,2016,166,24,1,41,3,"AF, IW",
Saxifraga oppositifolia,2016,169,24,0,15,22,"AF, IW",
Saxifraga oppositifolia,2016,172,24,0,0,37,"AF, LP",
Saxifraga oppositifolia,2016,175,24,0,0,42,LP,
Saxifraga oppositifolia,2016,178,24,0,0,41,LP,
Saxifraga oppositifolia,2016,181,24,0,0,32,LP,Flowers crushed and lost in rain.
Saxifraga oppositifolia,2016,184,24,0,0,20,LP,
Saxifraga oppositifolia,2016,188,24,0,0,12,LP,
Saxifraga oppositifolia,2016,190,24,0,0,14,LP,Looks as though a few have over-matured and fallen apart.
Saxifraga oppositifolia,2016,193,24,0,0,5,AF,Looks as though a few have over-matured and fallen apart.
Saxifraga oppositifolia,2016,196,24,0,0,7,LP,
Saxifraga oppositifolia,2016,199,24,0,0,7,LP,
Saxifraga oppositifolia,2016,202,24,0,0,7,LP,
Saxifraga oppositifolia,2016,214,24,0,0,0,EH,
Saxifraga oppositifolia,2016,163,25,6,3,0,"AF, IW, CP",
Saxifraga oppositifolia,2016,166,25,1,8,1,"AF, IW",
Saxifraga oppositifolia,2016,169,25,0,9,1,"AF, IW",
Saxifraga oppositifolia,2016,172,25,0,2,13,"AF, LP",
Saxifraga oppositifolia,2016,175,25,0,4,11,LP,
Saxifraga oppositifolia,2016,178,25,0,3,11,LP,
Saxifraga oppositifolia,2016,181,25,1,3,8,LP,
Saxifraga oppositifolia,2016,184,25,0,4,8,LP,
Saxifraga oppositifolia,2016,188,25,0,0,12,LP,
Saxifraga oppositifolia,2016,190,25,2,0,10,LP,
Saxifraga oppositifolia,2016,193,25,0,3,7,AF,
Saxifraga oppositifolia,2016,196,25,0,0,11,LP,
Saxifraga oppositifolia,2016,199,25,0,0,12,LP,
Saxifraga oppositifolia,2016,202,25,0,0,12,LP,
Saxifraga oppositifolia,2016,214,25,0,0,0,EH,
Dryas integrifolia,2017,175,1,0,0,0,JL,
Dryas integrifolia,2017,178,1,0,0,0,SD,
Dryas integrifolia,2017,181,1,16,0,0,JL,
Dryas integrifolia,2017,184,1,21,0,0,SD,
Dryas integrifolia,2017,187,1,27,0,0,SD,
Dryas integrifolia,2017,190,1,28,0,0,"JL, SD",
Dryas integrifolia,2017,193,1,27,1,0,JL,
Dryas integrifolia,2017,196,1,14,16,0,JL,
Dryas integrifolia,2017,199,1,2,27,0,"JL, N, E",
Dryas integrifolia,2017,202,1,0,4,23,AF,
Dryas integrifolia,2017,205,1,0,0,27,AF,
Dryas integrifolia,2017,208,1,0,0,27,AF,
Dryas integrifolia,2017,212,1,0,0,27,AF,
Dryas integrifolia,2017,214,1,0,0,26,JL,
Dryas integrifolia,2017,175,2,0,0,0,JL,
Dryas integrifolia,2017,178,2,0,0,0,SD,
Dryas integrifolia,2017,181,2,4,0,0,JL,
Dryas integrifolia,2017,184,2,7,0,0,SD,
Dryas integrifolia,2017,187,2,10,0,0,SD,
Dryas integrifolia,2017,190,2,10,1,0,"JL, SD",
Dryas integrifolia,2017,193,2,8,4,0,JL,
Dryas integrifolia,2017,196,2,3,8,0,JL,
Dryas integrifolia,2017,199,2,0,11,0,"JL, N, E",
Dryas integrifolia,2017,202,2,0,0,11,AF,
Dryas integrifolia,2017,205,2,0,0,11,AF,
Dryas integrifolia,2017,208,2,0,0,11,AF,
Dryas integrifolia,2017,212,2,0,0,11,AF,
Dryas integrifolia,2017,214,2,0,0,11,JL,
Dryas integrifolia,2017,175,3,0,0,0,JL,
Dryas integrifolia,2017,178,3,0,0,0,SD,
Dryas integrifolia,2017,181,3,8,0,0,JL,
Dryas integrifolia,2017,184,3,8,0,0,SD,
Dryas integrifolia,2017,187,3,8,0,0,SD,
Dryas integrifolia,2017,190,3,11,0,0,"JL, SD",
Dryas integrifolia,2017,193,3,12,0,0,JL,
Dryas integrifolia,2017,196,3,9,5,0,JL,
Dryas integrifolia,2017,199,3,0,10,0,"JL, N, E",
Dryas integrifolia,2017,202,3,0,3,7,AF,
Dryas integrifolia,2017,205,3,0,1,10,AF,
Dryas integrifolia,2017,208,3,0,0,9,AF,
Dryas integrifolia,2017,212,3,0,0,9,AF,
Dryas integrifolia,2017,214,3,0,0,9,JL,
Dryas integrifolia,2017,175,4,0,0,0,JL,
Dryas integrifolia,2017,178,4,0,0,0,SD,
Dryas integrifolia,2017,181,4,4,0,0,JL,
Dryas integrifolia,2017,184,4,8,0,0,SD,
Dryas integrifolia,2017,187,4,13,0,0,SD,
Dryas integrifolia,2017,190,4,16,1,0,"JL, SD",
Dryas integrifolia,2017,193,4,16,3,0,JL,
Dryas integrifolia,2017,196,4,13,8,0,JL,
Dryas integrifolia,2017,199,4,1,17,1,"JL, N, E",
Dryas integrifolia,2017,202,4,0,5,13,AF,
Dryas integrifolia,2017,205,4,0,2,16,AF,
Dryas integrifolia,2017,208,4,0,0,17,AF,
Dryas integrifolia,2017,212,4,0,0,17,AF,
Dryas integrifolia,2017,214,4,0,0,18,JL,
Dryas integrifolia,2017,175,5,0,0,0,JL,
Dryas integrifolia,2017,178,5,0,0,0,SD,
Dryas integrifolia,2017,181,5,4,0,0,JL,
Dryas integrifolia,2017,184,5,7,0,0,SD,
Dryas integrifolia,2017,187,5,18,0,0,SD,
Dryas integrifolia,2017,190,5,27,0,0,"JL, SD",
Dryas integrifolia,2017,193,5,25,3,0,JL,
Dryas integrifolia,2017,196,5,11,16,0,JL,
Dryas integrifolia,2017,199,5,2,23,0,"JL, N, E",
Dryas integrifolia,2017,202,5,1,6,22,AF,
Dryas integrifolia,2017,205,5,1,5,22,AF,
Dryas integrifolia,2017,208,5,1,0,28,AF,
Dryas integrifolia,2017,212,5,1,0,29,AF,
Dryas integrifolia,2017,214,5,0,0,25,JL,
Dryas integrifolia,2017,175,6,0,0,0,JL,
Dryas integrifolia,2017,178,6,0,0,0,SD,
Dryas integrifolia,2017,181,6,9,0,0,JL,
Dryas integrifolia,2017,184,6,13,0,0,SD,
Dryas integrifolia,2017,187,6,17,0,0,SD,
Dryas integrifolia,2017,190,6,21,2,0,"JL, SD",
Dryas integrifolia,2017,193,6,18,5,0,JL,
Dryas integrifolia,2017,196,6,3,20,0,JL,
Dryas integrifolia,2017,199,6,0,22,0,"JL, N, E",
Dryas integrifolia,2017,202,6,0,0,22,AF,
Dryas integrifolia,2017,205,6,0,0,21,AF,
Dryas integrifolia,2017,208,6,0,0,21,AF,
Dryas integrifolia,2017,212,6,0,0,21,AF,
Dryas integrifolia,2017,214,6,0,0,22,JL,
Dryas integrifolia,2017,175,7,0,0,0,JL,
Dryas integrifolia,2017,178,7,0,0,0,SD,
Dryas integrifolia,2017,181,7,0,0,0,JL,
Dryas integrifolia,2017,184,7,1,0,0,SD,
Dryas integrifolia,2017,187,7,0,0,0,SD,
Dryas integrifolia,2017,190,7,0,0,0,"JL, SD",
Dryas integrifolia,2017,193,7,0,0,0,JL,"Giant leaves, no buds"
Dryas integrifolia,2017,196,7,0,0,0,JL,
Dryas integrifolia,2017,199,7,0,0,0,"JL, N, E",
Dryas integrifolia,2017,202,7,0,0,0,AF,
Dryas integrifolia,2017,205,7,0,0,0,AF,
Dryas integrifolia,2017,208,7,0,0,0,AF,
Dryas integrifolia,2017,212,7,0,0,0,AF,
Dryas integrifolia,2017,214,7,0,0,0,JL,
Dryas integrifolia,2017,175,8,0,0,0,JL,
Dryas integrifolia,2017,178,8,0,0,0,SD,
Dryas integrifolia,2017,181,8,1,0,0,JL,
Dryas integrifolia,2017,184,8,2,0,0,SD,
Dryas integrifolia,2017,187,8,3,0,0,SD,
Dryas integrifolia,2017,190,8,4,0,0,"JL, SD",
Dryas integrifolia,2017,193,8,3,1,0,JL,
Dryas integrifolia,2017,196,8,3,2,0,JL,
Dryas integrifolia,2017,199,8,8,3,1,"JL, N, E",
Dryas integrifolia,2017,202,8,0,2,2,AF,
Dryas integrifolia,2017,205,8,0,1,3,AF,
Dryas integrifolia,2017,208,8,0,0,4,AF,
Dryas integrifolia,2017,212,8,0,0,4,AF,
Dryas integrifolia,2017,214,8,0,0,2,JL,
Dryas integrifolia,2017,175,9,0,0,0,JL,
Dryas integrifolia,2017,178,9,0,0,0,SD,
Dryas integrifolia,2017,181,9,2,0,0,JL,
Dryas integrifolia,2017,184,9,3,0,0,SD,
Dryas integrifolia,2017,187,9,6,0,0,SD,
Dryas integrifolia,2017,190,9,7,0,0,"JL, SD",
Dryas integrifolia,2017,193,9,7,0,0,JL,
Dryas integrifolia,2017,196,9,5,3,0,JL,
Dryas integrifolia,2017,199,9,1,7,0,"JL, N, E",
Dryas integrifolia,2017,202,9,1,0,7,AF,Buds likely not viable (autumn colours/reddening)
Dryas integrifolia,2017,205,9,1,0,7,AF,
Dryas integrifolia,2017,208,9,1,0,7,AF,
Dryas integrifolia,2017,212,9,0,0,7,AF,
Dryas integrifolia,2017,214,9,0,0,7,JL,
Dryas integrifolia,2017,175,10,0,0,0,JL,
Dryas integrifolia,2017,178,10,0,0,0,SD,
Dryas integrifolia,2017,181,10,0,0,0,JL,
Dryas integrifolia,2017,184,10,3,0,0,SD,
Dryas integrifolia,2017,187,10,5,0,0,SD,
Dryas integrifolia,2017,190,10,6,0,0,"JL, SD",
Dryas integrifolia,2017,193,10,4,3,0,JL,
Dryas integrifolia,2017,196,10,0,7,0,JL,
Dryas integrifolia,2017,199,10,1,5,2,"JL, N, E",
Dryas integrifolia,2017,202,10,0,0,7,AF,
Dryas integrifolia,2017,205,10,0,0,7,AF,
Dryas integrifolia,2017,208,10,0,0,7,AF,
Dryas integrifolia,2017,212,10,0,0,7,AF,
Dryas integrifolia,2017,214,10,0,0,7,JL,
Dryas integrifolia,2017,175,11,0,0,0,JL,
Dryas integrifolia,2017,178,11,0,0,0,SD,
Dryas integrifolia,2017,181,11,0,0,0,JL,
Dryas integrifolia,2017,184,11,0,0,0,SD,
Dryas integrifolia,2017,187,11,1,0,0,SD,
Dryas integrifolia,2017,190,11,1,0,0,"JL, SD",
Dryas integrifolia,2017,193,11,1,0,0,JL,
Dryas integrifolia,2017,196,11,1,0,0,JL,
Dryas integrifolia,2017,199,11,0,1,0,"JL, N, E",
Dryas integrifolia,2017,202,11,0,1,0,AF,
Dryas integrifolia,2017,205,11,0,1,0,AF,
Dryas integrifolia,2017,208,11,0,0,1,AF,
Dryas integrifolia,2017,212,11,0,0,1,AF,
Dryas integrifolia,2017,214,11,0,0,1,JL,
Dryas integrifolia,2017,175,12,0,0,0,JL,
Dryas integrifolia,2017,178,12,0,0,0,SD,
Dryas integrifolia,2017,181,12,7,0,0,JL,
Dryas integrifolia,2017,184,12,7,0,0,SD,
Dryas integrifolia,2017,187,12,8,0,0,SD,
Dryas integrifolia,2017,190,12,9,0,0,"JL, SD",
Dryas integrifolia,2017,193,12,10,1,0,JL,
Dryas integrifolia,2017,196,12,8,2,0,JL,
Dryas integrifolia,2017,199,12,1,8,1,"JL, N, E",
Dryas integrifolia,2017,202,12,3,2,6,AF,Buds likely not viable (autumn colours/reddening)
Dryas integrifolia,2017,205,12,3,0,8,AF,
Dryas integrifolia,2017,208,12,2,0,7,AF,
Dryas integrifolia,2017,212,12,2,0,8,AF,
Dryas integrifolia,2017,214,12,0,0,7,JL,
Dryas integrifolia,2017,175,13,8,0,0,JL,
Dryas integrifolia,2017,178,13,10,0,0,SD,
Dryas integrifolia,2017,181,13,34,0,0,JL,
Dryas integrifolia,2017,184,13,38,0,0,SD,
Dryas integrifolia,2017,187,13,53,0,0,SD,
Dryas integrifolia,2017,190,13,42,17,0,"JL, SD",
Dryas integrifolia,2017,193,13,30,29,0,JL,
Dryas integrifolia,2017,196,13,14,51,0,JL,
Dryas integrifolia,2017,199,13,3,54,0,"JL, N, E",
Dryas integrifolia,2017,202,13,3,1,51,AF,
Dryas integrifolia,2017,205,13,2,0,56,AF,
Dryas integrifolia,2017,208,13,2,0,55,AF,
Dryas integrifolia,2017,212,13,2,0,53,AF,
Dryas integrifolia,2017,214,13,0,0,57,JL,
Dryas integrifolia,2017,175,14,0,0,0,JL,
Dryas integrifolia,2017,178,14,0,0,0,SD,
Dryas integrifolia,2017,181,14,2,0,0,JL,
Dryas integrifolia,2017,184,14,13,0,0,SD,
Dryas integrifolia,2017,187,14,19,0,0,SD,
Dryas integrifolia,2017,190,14,18,0,0,"JL, SD",
Dryas integrifolia,2017,193,14,17,4,0,JL,
Dryas integrifolia,2017,196,14,11,9,0,JL,
Dryas integrifolia,2017,199,14,1,17,1,"JL, N, E",
Dryas integrifolia,2017,202,14,0,3,15,AF,
Dryas integrifolia,2017,205,14,1,2,17,AF,
Dryas integrifolia,2017,208,14,1,0,18,AF,
Dryas integrifolia,2017,212,14,1,0,18,AF,
Dryas integrifolia,2017,214,14,0,0,18,JL,
Dryas integrifolia,2017,175,15,0,0,0,JL,
Dryas integrifolia,2017,178,15,2,0,0,SD,
Dryas integrifolia,2017,181,15,12,0,0,JL,
Dryas integrifolia,2017,184,15,16,0,0,SD,
Dryas integrifolia,2017,187,15,37,0,0,SD,
Dryas integrifolia,2017,190,15,36,10,0,"JL, SD",
Dryas integrifolia,2017,193,15,35,10,0,JL,
Dryas integrifolia,2017,196,15,22,16,1,JL,
Dryas integrifolia,2017,199,15,0,36,5,"JL, N, E",
Dryas integrifolia,2017,202,15,0,8,32,AF,
Dryas integrifolia,2017,205,15,0,1,42,AF,
Dryas integrifolia,2017,208,15,0,0,42,AF,
Dryas integrifolia,2017,212,15,0,0,39,AF,
Dryas integrifolia,2017,214,15,0,0,40,JL,
Dryas integrifolia,2017,175,16,6,0,0,JL,
Dryas integrifolia,2017,178,16,7,0,0,SD,
Dryas integrifolia,2017,181,16,34,0,0,JL,
Dryas integrifolia,2017,184,16,35,0,0,SD,
Dryas integrifolia,2017,187,16,35,0,0,SD,
Dryas integrifolia,2017,190,16,42,2,0,"JL, SD",
Dryas integrifolia,2017,193,16,32,3,0,JL,
Dryas integrifolia,2017,196,16,44,10,0,JL,
Dryas integrifolia,2017,199,16,36,11,3,"JL, N, E",
Dryas integrifolia,2017,202,16,22,1,13,AF,Buds likely not viable (autumn colours/reddening)
Dryas integrifolia,2017,205,16,20,0,14,AF,
Dryas integrifolia,2017,208,16,18,0,14,AF,
Dryas integrifolia,2017,212,16,8,0,14,AF,
Dryas integrifolia,2017,214,16,0,0,14,JL,
Dryas integrifolia,2017,175,17,6,0,0,JL,
Dryas integrifolia,2017,178,17,6,0,0,SD,
Dryas integrifolia,2017,181,17,12,0,0,JL,
Dryas integrifolia,2017,184,17,13,0,0,SD,
Dryas integrifolia,2017,187,17,15,0,0,SD,
Dryas integrifolia,2017,190,17,11,3,0,"JL, SD",
Dryas integrifolia,2017,193,17,8,6,0,JL,
Dryas integrifolia,2017,196,17,2,12,0,JL,
Dryas integrifolia,2017,199,17,2,10,1,"JL, N, E",
Dryas integrifolia,2017,202,17,2,0,12,AF,Buds likely not viable (autumn colours/reddening)
Dryas integrifolia,2017,205,17,2,0,12,AF,
Dryas integrifolia,2017,208,17,2,0,12,AF,
Dryas integrifolia,2017,212,17,2,0,12,AF,
Dryas integrifolia,2017,214,17,0,0,10,JL,
Dryas integrifolia,2017,175,18,6,0,0,JL,
Dryas integrifolia,2017,178,18,10,0,0,SD,
Dryas integrifolia,2017,181,18,17,0,0,JL,
Dryas integrifolia,2017,184,18,24,0,0,SD,
Dryas integrifolia,2017,187,18,25,0,0,SD,
Dryas integrifolia,2017,190,18,19,3,0,"JL, SD",
Dryas integrifolia,2017,193,18,16,5,0,JL,
Dryas integrifolia,2017,196,18,14,13,0,JL,
Dryas integrifolia,2017,199,18,0,17,5,"JL, N, E",
Dryas integrifolia,2017,202,18,1,2,20,AF,
Dryas integrifolia,2017,205,18,1,1,21,AF,
Dryas integrifolia,2017,208,18,1,0,21,AF,
Dryas integrifolia,2017,212,18,1,0,19,AF,
Dryas integrifolia,2017,214,18,0,0,20,JL,
Dryas integrifolia,2017,175,19,4,0,0,JL,
Dryas integrifolia,2017,178,19,4,0,0,SD,
Dryas integrifolia,2017,181,19,4,0,0,JL,
Dryas integrifolia,2017,184,19,5,0,0,SD,
Dryas integrifolia,2017,187,19,7,0,0,SD,
Dryas integrifolia,2017,190,19,4,3,0,"JL, SD",
Dryas integrifolia,2017,193,19,3,4,0,JL,
Dryas integrifolia,2017,196,19,2,5,0,JL,
Dryas integrifolia,2017,199,19,0,6,1,"JL, N, E",
Dryas integrifolia,2017,202,19,0,0,6,AF,
Dryas integrifolia,2017,205,19,0,0,6,AF,
Dryas integrifolia,2017,208,19,0,0,3,AF,
Dryas integrifolia,2017,212,19,0,0,2,AF,
Dryas integrifolia,2017,214,19,0,0,4,JL,
Dryas integrifolia,2017,175,20,0,0,0,JL,
Dryas integrifolia,2017,178,20,0,0,0,SD,
Dryas integrifolia,2017,181,20,2,0,0,JL,
Dryas integrifolia,2017,184,20,2,0,0,SD,
Dryas integrifolia,2017,187,20,1,0,0,SD,
Dryas integrifolia,2017,190,20,0,1,0,"JL, SD",
Dryas integrifolia,2017,193,20,1,1,0,JL,
Dryas integrifolia,2017,196,20,0,1,0,JL,
Dryas integrifolia,2017,199,20,0,0,1,"JL, N, E",
Dryas integrifolia,2017,202,20,0,0,1,AF,
Dryas integrifolia,2017,205,20,0,0,1,AF,
Dryas integrifolia,2017,208,20,0,0,1,AF,
Dryas integrifolia,2017,212,20,0,0,1,AF,
Dryas integrifolia,2017,214,20,0,0,1,JL,
Dryas integrifolia,2017,175,21,0,0,0,JL,
Dryas integrifolia,2017,178,21,0,0,0,SD,
Dryas integrifolia,2017,181,21,0,0,0,JL,
Dryas integrifolia,2017,184,21,0,0,0,SD,
Dryas integrifolia,2017,187,21,0,0,0,SD,
Dryas integrifolia,2017,190,21,0,0,0,"JL, SD",
Dryas integrifolia,2017,193,21,0,0,0,JL,Alive but no buds
Dryas integrifolia,2017,196,21,0,0,0,JL,
Dryas integrifolia,2017,199,21,0,0,0,"JL, N, E",
Dryas integrifolia,2017,202,21,0,0,0,AF,
Dryas integrifolia,2017,205,21,0,0,0,AF,
Dryas integrifolia,2017,208,21,0,0,0,AF,
Dryas integrifolia,2017,212,21,0,0,0,AF,
Dryas integrifolia,2017,214,21,0,0,0,JL,
Dryas integrifolia,2017,175,22,0,0,0,JL,
Dryas integrifolia,2017,178,22,0,0,0,SD,
Dryas integrifolia,2017,181,22,3,0,0,JL,
Dryas integrifolia,2017,184,22,5,0,0,SD,
Dryas integrifolia,2017,187,22,6,0,0,SD,
Dryas integrifolia,2017,190,22,6,0,0,"JL, SD",
Dryas integrifolia,2017,193,22,6,0,0,JL,
Dryas integrifolia,2017,196,22,4,2,0,JL,
Dryas integrifolia,2017,199,22,1,5,0,"JL, N, E",
Dryas integrifolia,2017,202,22,1,2,3,AF,
Dryas integrifolia,2017,205,22,1,2,3,AF,
Dryas integrifolia,2017,208,22,1,0,5,AF,
Dryas integrifolia,2017,212,22,1,0,5,AF,
Dryas integrifolia,2017,214,22,0,0,5,JL,
Dryas integrifolia,2017,175,23,0,0,0,JL,
Dryas integrifolia,2017,178,23,0,0,0,SD,
Dryas integrifolia,2017,181,23,4,0,0,JL,
Dryas integrifolia,2017,184,23,6,0,0,SD,
Dryas integrifolia,2017,187,23,18,0,0,SD,
Dryas integrifolia,2017,190,23,13,1,0,"JL, SD",
Dryas integrifolia,2017,193,23,14,1,0,JL,
Dryas integrifolia,2017,196,23,14,5,0,JL,
Dryas integrifolia,2017,199,23,1,14,0,"JL, N, E",
Dryas integrifolia,2017,202,23,1,3,11,AF,Buds likely not viable (autumn colours/reddening)
Dryas integrifolia,2017,205,23,1,3,12,AF,
Dryas integrifolia,2017,208,23,1,0,15,AF,
Dryas integrifolia,2017,212,23,1,0,12,AF,
Dryas integrifolia,2017,214,23,0,0,13,JL,
Dryas integrifolia,2017,175,24,0,0,0,JL,
Dryas integrifolia,2017,178,24,0,0,0,SD,
Dryas integrifolia,2017,181,24,1,0,0,JL,
Dryas integrifolia,2017,184,24,14,0,0,SD,
Dryas integrifolia,2017,187,24,26,0,0,SD,
Dryas integrifolia,2017,190,24,34,0,0,"JL, SD",
Dryas integrifolia,2017,193,24,32,1,0,JL,
Dryas integrifolia,2017,196,24,21,15,0,JL,
Dryas integrifolia,2017,199,24,7,32,0,"JL, N, E",
Dryas integrifolia,2017,202,24,4,1,29,AF,Buds likely not viable (autumn colours/reddening)
Dryas integrifolia,2017,205,24,4,0,30,AF,
Dryas integrifolia,2017,208,24,3,0,30,AF,
Dryas integrifolia,2017,212,24,3,0,29,AF,
Dryas integrifolia,2017,214,24,0,0,24,JL,
Dryas integrifolia,2017,175,25,0,0,0,JL,
Dryas integrifolia,2017,178,25,0,0,0,SD,
Dryas integrifolia,2017,181,25,0,0,0,JL,
Dryas integrifolia,2017,184,25,9,0,0,SD,
Dryas integrifolia,2017,187,25,15,0,0,SD,
Dryas integrifolia,2017,190,25,16,0,0,"JL, SD",
Dryas integrifolia,2017,193,25,19,0,0,JL,
Dryas integrifolia,2017,196,25,18,2,0,JL,
Dryas integrifolia,2017,199,25,5,13,0,"JL, N, E",
Dryas integrifolia,2017,202,25,1,11,7,AF,Buds likely not viable (autumn colours/reddening)
Dryas integrifolia,2017,205,25,11,1,7,AF,
Dryas integrifolia,2017,208,25,1,0,16,AF,
Dryas integrifolia,2017,212,25,1,0,17,AF,
Dryas integrifolia,2017,214,25,0,0,15,JL,
Saxifraga oppositifolia,2017,157,2,0,0,0,AF,
Saxifraga oppositifolia,2017,161,2,0,0,0,AF,
Saxifraga oppositifolia,2017,163,2,0,0,0,EU,
Saxifraga oppositifolia,2017,167,2,3,0,0,"AF, SD",
Saxifraga oppositifolia,2017,169,2,3,1,0,SD,
Saxifraga oppositifolia,2017,172,2,0,4,0,"JL, AF",
Saxifraga oppositifolia,2017,175,2,0,4,0,JL,
Saxifraga oppositifolia,2017,178,2,0,4,0,SD,
Saxifraga oppositifolia,2017,181,2,0,2,2,JL,
Saxifraga oppositifolia,2017,184,2,0,2,2,SD,
Saxifraga oppositifolia,2017,187,2,0,0,4,SD,
Saxifraga oppositifolia,2017,190,2,0,0,4,"JL, SD",
Saxifraga oppositifolia,2017,193,2,0,0,4,JL,
Saxifraga oppositifolia,2017,196,2,0,0,4,JL,
Saxifraga oppositifolia,2017,199,2,0,0,2,"JL, N, E",
Saxifraga oppositifolia,2017,202,2,0,0,1,AF,
Saxifraga oppositifolia,2017,205,2,0,0,1,AF,
Saxifraga oppositifolia,2017,208,2,0,0,1,AF,
Saxifraga oppositifolia,2017,212,2,0,0,0,AF,
Saxifraga oppositifolia,2017,157,4,0,0,0,AF,
Saxifraga oppositifolia,2017,161,4,0,0,0,AF,
Saxifraga oppositifolia,2017,163,4,0,0,0,EU,
Saxifraga oppositifolia,2017,167,4,4,0,0,"AF, SD",
Saxifraga oppositifolia,2017,169,4,9,0,0,SD,
Saxifraga oppositifolia,2017,172,4,5,11,0,"JL, AF",
Saxifraga oppositifolia,2017,175,4,7,17,2,JL,
Saxifraga oppositifolia,2017,178,4,3,22,0,SD,
Saxifraga oppositifolia,2017,181,4,4,6,17,JL,
Saxifraga oppositifolia,2017,184,4,1,8,21,SD,
Saxifraga oppositifolia,2017,187,4,1,8,21,SD,
Saxifraga oppositifolia,2017,190,4,0,3,29,"JL, SD",
Saxifraga oppositifolia,2017,193,4,0,1,26,JL,
Saxifraga oppositifolia,2017,196,4,0,1,24,JL,
Saxifraga oppositifolia,2017,199,4,0,0,18,"JL, N, E",
Saxifraga oppositifolia,2017,202,4,0,1,14,AF,
Saxifraga oppositifolia,2017,205,4,0,0,14,AF,
Saxifraga oppositifolia,2017,208,4,1,0,8,AF,
Saxifraga oppositifolia,2017,212,4,0,0,1,AF,
Saxifraga oppositifolia,2017,157,5,0,0,0,AF,
Saxifraga oppositifolia,2017,161,5,0,0,0,AF,
Saxifraga oppositifolia,2017,163,5,9,1,0,EU,
Saxifraga oppositifolia,2017,167,5,5,10,0,"AF, SD",
Saxifraga oppositifolia,2017,169,5,0,15,0,SD,
Saxifraga oppositifolia,2017,172,5,0,15,0,"JL, AF",
Saxifraga oppositifolia,2017,175,5,0,7,9,JL,
Saxifraga oppositifolia,2017,178,5,0,7,9,SD,
Saxifraga oppositifolia,2017,181,5,0,1,13,JL,
Saxifraga oppositifolia,2017,184,5,0,0,16,SD,
Saxifraga oppositifolia,2017,187,5,0,1,15,SD,
Saxifraga oppositifolia,2017,190,5,0,0,24,"JL, SD",
Saxifraga oppositifolia,2017,193,5,0,0,16,JL,
Saxifraga oppositifolia,2017,196,5,0,0,16,JL,
Saxifraga oppositifolia,2017,199,5,0,0,17,"JL, N, E",
Saxifraga oppositifolia,2017,202,5,0,0,16,AF,
Saxifraga oppositifolia,2017,205,5,0,0,16,AF,
Saxifraga oppositifolia,2017,208,5,0,0,16,AF,
Saxifraga oppositifolia,2017,212,5,0,0,16,AF,
Saxifraga oppositifolia,2017,157,6,0,0,0,AF,
Saxifraga oppositifolia,2017,161,6,0,0,0,AF,
Saxifraga oppositifolia,2017,163,6,2,1,0,EU,
Saxifraga oppositifolia,2017,167,6,62,31,0,"AF, SD",
Saxifraga oppositifolia,2017,169,6,14,91,0,SD,
Saxifraga oppositifolia,2017,172,6,0,112,0,"JL, AF",
Saxifraga oppositifolia,2017,175,6,0,66,38,JL,
Saxifraga oppositifolia,2017,178,6,0,0,102,SD,
Saxifraga oppositifolia,2017,181,6,0,6,101,JL,
Saxifraga oppositifolia,2017,184,6,0,2,112,SD,
Saxifraga oppositifolia,2017,187,6,0,0,103,SD,
Saxifraga oppositifolia,2017,190,6,0,0,106,"JL, SD",
Saxifraga oppositifolia,2017,193,6,0,0,90,JL,
Saxifraga oppositifolia,2017,196,6,0,0,98,JL,
Saxifraga oppositifolia,2017,199,6,0,0,102,"JL, N, E",
Saxifraga oppositifolia,2017,202,6,0,0,99,AF,
Saxifraga oppositifolia,2017,205,6,0,0,93,AF,
Saxifraga oppositifolia,2017,208,6,0,0,87,AF,
Saxifraga oppositifolia,2017,212,6,0,0,77,AF,
Saxifraga oppositifolia,2017,157,7,19,0,0,AF,
Saxifraga oppositifolia,2017,161,7,23,6,0,AF,
Saxifraga oppositifolia,2017,163,7,7,24,0,EU,
Saxifraga oppositifolia,2017,167,7,2,33,0,"AF, SD",
Saxifraga oppositifolia,2017,169,7,1,34,0,SD,
Saxifraga oppositifolia,2017,172,7,0,4,30,"JL, AF",
Saxifraga oppositifolia,2017,175,7,0,1,34,JL,
Saxifraga oppositifolia,2017,178,7,0,1,35,SD,
Saxifraga oppositifolia,2017,181,7,0,0,34,JL,
Saxifraga oppositifolia,2017,184,7,0,0,34,SD,
Saxifraga oppositifolia,2017,187,7,0,0,34,SD,
Saxifraga oppositifolia,2017,190,7,0,0,34,"JL, SD",
Saxifraga oppositifolia,2017,193,7,0,0,34,JL,
Saxifraga oppositifolia,2017,196,7,0,0,34,JL,
Saxifraga oppositifolia,2017,199,7,0,0,32,"JL, N, E",
Saxifraga oppositifolia,2017,202,7,0,0,33,AF,
Saxifraga oppositifolia,2017,205,7,0,0,34,AF,
Saxifraga oppositifolia,2017,208,7,0,0,32,AF,
Saxifraga oppositifolia,2017,212,7,0,0,31,AF,
Saxifraga oppositifolia,2017,157,8,0,0,0,AF,
Saxifraga oppositifolia,2017,161,8,65,0,0,AF,
Saxifraga oppositifolia,2017,163,8,40,59,0,EU,
Saxifraga oppositifolia,2017,167,8,0,152,0,"AF, SD",
Saxifraga oppositifolia,2017,169,8,0,149,0,SD,
Saxifraga oppositifolia,2017,172,8,0,39,106,"JL, AF",
Saxifraga oppositifolia,2017,175,8,0,4,146,JL,
Saxifraga oppositifolia,2017,178,8,0,3,140,SD,
Saxifraga oppositifolia,2017,181,8,0,0,149,JL,
Saxifraga oppositifolia,2017,184,8,0,0,143,SD,
Saxifraga oppositifolia,2017,187,8,0,0,130,SD,
Saxifraga oppositifolia,2017,190,8,0,0,148,"JL, SD",
Saxifraga oppositifolia,2017,193,8,0,0,138,JL,
Saxifraga oppositifolia,2017,196,8,0,0,140,JL,
Saxifraga oppositifolia,2017,199,8,0,0,145,"JL, N, E",
Saxifraga oppositifolia,2017,202,8,0,0,122,AF,
Saxifraga oppositifolia,2017,205,8,0,0,127,AF,
Saxifraga oppositifolia,2017,208,8,0,0,122,AF,
Saxifraga oppositifolia,2017,212,8,0,0,92,AF,
Saxifraga oppositifolia,2017,157,9,0,0,0,AF,
Saxifraga oppositifolia,2017,161,9,0,0,0,AF,
Saxifraga oppositifolia,2017,163,9,14,3,0,EU,
Saxifraga oppositifolia,2017,167,9,4,32,0,"AF, SD",
Saxifraga oppositifolia,2017,169,9,2,36,1,SD,
Saxifraga oppositifolia,2017,172,9,6,19,20,"JL, AF",
Saxifraga oppositifolia,2017,175,9,2,13,37,JL,
Saxifraga oppositifolia,2017,178,9,0,16,31,SD,
Saxifraga oppositifolia,2017,181,9,0,11,35,JL,
Saxifraga oppositifolia,2017,184,9,0,3,40,SD,
Saxifraga oppositifolia,2017,187,9,0,1,44,SD,
Saxifraga oppositifolia,2017,190,9,0,0,46,"JL, SD",
Saxifraga oppositifolia,2017,193,9,0,0,43,JL,
Saxifraga oppositifolia,2017,196,9,0,0,44,JL,
Saxifraga oppositifolia,2017,199,9,0,0,42,"JL, N, E",
Saxifraga oppositifolia,2017,202,9,0,0,43,AF,
Saxifraga oppositifolia,2017,205,9,0,0,43,AF,
Saxifraga oppositifolia,2017,208,9,0,0,39,AF,
Saxifraga oppositifolia,2017,212,9,0,0,30,AF,
Saxifraga oppositifolia,2017,157,10,0,0,0,AF,
Saxifraga oppositifolia,2017,161,10,38,10,0,AF,
Saxifraga oppositifolia,2017,163,10,70,0,0,EU,
Saxifraga oppositifolia,2017,167,10,25,74,0,"AF, SD",
Saxifraga oppositifolia,2017,169,10,3,96,0,SD,
Saxifraga oppositifolia,2017,172,10,0,9,97,"JL, AF",
Saxifraga oppositifolia,2017,175,10,0,24,70,JL,
Saxifraga oppositifolia,2017,178,10,0,10,80,SD,
Saxifraga oppositifolia,2017,181,10,0,0,104,JL,
Saxifraga oppositifolia,2017,184,10,0,0,99,SD,
Saxifraga oppositifolia,2017,187,10,0,0,97,SD,
Saxifraga oppositifolia,2017,190,10,0,0,99,"JL, SD",
Saxifraga oppositifolia,2017,193,10,0,0,104,JL,
Saxifraga oppositifolia,2017,196,10,0,0,106,JL,
Saxifraga oppositifolia,2017,199,10,0,0,101,"JL, N, E",
Saxifraga oppositifolia,2017,202,10,0,0,100,AF,
Saxifraga oppositifolia,2017,205,10,0,0,100,AF,
Saxifraga oppositifolia,2017,208,10,0,0,99,AF,
Saxifraga oppositifolia,2017,212,10,0,0,97,AF,
Saxifraga oppositifolia,2017,157,14,0,0,0,AF,
Saxifraga oppositifolia,2017,161,14,0,0,0,AF,
Saxifraga oppositifolia,2017,163,14,57,0,0,EU,
Saxifraga oppositifolia,2017,167,14,36,52,0,"AF, SD",
Saxifraga oppositifolia,2017,169,14,0,82,2,SD,
Saxifraga oppositifolia,2017,172,14,0,52,22,"JL, AF",
Saxifraga oppositifolia,2017,175,14,0,30,55,JL,
Saxifraga oppositifolia,2017,178,14,0,28,45,SD,
Saxifraga oppositifolia,2017,181,14,0,2,79,JL,
Saxifraga oppositifolia,2017,184,14,0,0,82,SD,
Saxifraga oppositifolia,2017,187,14,0,0,67,SD,
Saxifraga oppositifolia,2017,190,14,0,0,57,"JL, SD",
Saxifraga oppositifolia,2017,193,14,0,0,56,JL,
Saxifraga oppositifolia,2017,196,14,0,0,60,JL,
Saxifraga oppositifolia,2017,199,14,0,0,62,"JL, N, E",
Saxifraga oppositifolia,2017,202,14,0,0,62,AF,
Saxifraga oppositifolia,2017,205,14,0,0,61,AF,
Saxifraga oppositifolia,2017,208,14,0,0,60,AF,
Saxifraga oppositifolia,2017,212,14,0,0,50,AF,
Saxifraga oppositifolia,2017,157,15,0,0,0,AF,
Saxifraga oppositifolia,2017,161,15,0,0,0,AF,
Saxifraga oppositifolia,2017,163,15,0,0,0,EU,
Saxifraga oppositifolia,2017,167,15,0,0,0,"AF, SD",
Saxifraga oppositifolia,2017,169,15,0,0,0,SD,
Saxifraga oppositifolia,2017,172,15,1,0,0,"JL, AF",
Saxifraga oppositifolia,2017,175,15,0,1,0,JL,
Saxifraga oppositifolia,2017,178,15,0,1,0,SD,
Saxifraga oppositifolia,2017,181,15,0,0,1,JL,
Saxifraga oppositifolia,2017,184,15,0,0,1,SD,
Saxifraga oppositifolia,2017,187,15,0,0,0,SD,
Saxifraga oppositifolia,2017,190,15,0,0,0,"JL, SD",
Saxifraga oppositifolia,2017,193,15,0,0,0,JL,
Saxifraga oppositifolia,2017,196,15,0,0,0,JL,
Saxifraga oppositifolia,2017,199,15,0,0,0,"JL, N, E",
Saxifraga oppositifolia,2017,202,15,0,0,0,AF,
Saxifraga oppositifolia,2017,205,15,0,0,0,AF,
Saxifraga oppositifolia,2017,208,15,0,0,0,AF,
Saxifraga oppositifolia,2017,212,15,0,0,0,AF,
Saxifraga oppositifolia,2017,157,17,0,0,0,AF,
Saxifraga oppositifolia,2017,161,17,0,0,0,AF,
Saxifraga oppositifolia,2017,163,17,0,0,0,EU,
Saxifraga oppositifolia,2017,167,17,0,0,0,"AF, SD",Alive but no buds
Saxifraga oppositifolia,2017,169,17,0,0,0,SD,
Saxifraga oppositifolia,2017,172,17,0,0,0,"JL, AF",
Saxifraga oppositifolia,2017,175,17,0,0,0,JL,
Saxifraga oppositifolia,2017,178,17,0,0,0,SD,
Saxifraga oppositifolia,2017,181,17,0,0,0,JL,
Saxifraga oppositifolia,2017,184,17,0,0,0,SD,
Saxifraga oppositifolia,2017,187,17,0,0,0,SD,
Saxifraga oppositifolia,2017,190,17,0,0,0,"JL, SD",
Saxifraga oppositifolia,2017,193,17,0,0,0,JL,
Saxifraga oppositifolia,2017,196,17,0,0,0,JL,
Saxifraga oppositifolia,2017,199,17,0,0,0,"JL, N, E",
Saxifraga oppositifolia,2017,202,17,0,0,0,AF,
Saxifraga oppositifolia,2017,205,17,0,0,0,AF,
Saxifraga oppositifolia,2017,208,17,0,0,0,AF,
Saxifraga oppositifolia,2017,212,17,0,0,0,AF,
Saxifraga oppositifolia,2017,157,18,0,0,0,AF,
Saxifraga oppositifolia,2017,161,18,0,0,0,AF,
Saxifraga oppositifolia,2017,163,18,19,43,0,EU,
Saxifraga oppositifolia,2017,167,18,1,75,2,"AF, SD",
Saxifraga oppositifolia,2017,169,18,1,83,3,SD,
Saxifraga oppositifolia,2017,172,18,7,31,40,"JL, AF",
Saxifraga oppositifolia,2017,175,18,0,23,65,JL,
Saxifraga oppositifolia,2017,178,18,0,15,60,SD,
Saxifraga oppositifolia,2017,181,18,0,13,62,JL,
Saxifraga oppositifolia,2017,184,18,0,11,66,SD,
Saxifraga oppositifolia,2017,187,18,0,5,60,SD,
Saxifraga oppositifolia,2017,190,18,0,0,59,"JL, SD",
Saxifraga oppositifolia,2017,193,18,0,0,65,JL,
Saxifraga oppositifolia,2017,196,18,0,0,64,JL,
Saxifraga oppositifolia,2017,199,18,0,0,62,"JL, N, E",
Saxifraga oppositifolia,2017,202,18,0,0,63,AF,
Saxifraga oppositifolia,2017,205,18,0,0,63,AF,
Saxifraga oppositifolia,2017,208,18,0,0,55,AF,
Saxifraga oppositifolia,2017,212,18,0,0,40,AF,
Saxifraga oppositifolia,2017,157,19,0,0,0,AF,
Saxifraga oppositifolia,2017,161,19,128,2,0,AF,
Saxifraga oppositifolia,2017,163,19,31,60,0,EU,
Saxifraga oppositifolia,2017,167,19,4,125,0,"AF, SD",
Saxifraga oppositifolia,2017,169,19,0,153,1,SD,
Saxifraga oppositifolia,2017,172,19,3,58,27,"JL, AF",
Saxifraga oppositifolia,2017,175,19,1,10,135,JL,
Saxifraga oppositifolia,2017,178,19,0,3,134,SD,
Saxifraga oppositifolia,2017,181,19,0,4,122,JL,
Saxifraga oppositifolia,2017,184,19,0,1,129,SD,
Saxifraga oppositifolia,2017,187,19,0,1,114,SD,
Saxifraga oppositifolia,2017,190,19,0,0,122,"JL, SD",
Saxifraga oppositifolia,2017,193,19,0,0,127,JL,
Saxifraga oppositifolia,2017,196,19,0,0,122,JL,
Saxifraga oppositifolia,2017,199,19,0,0,127,"JL, N, E",
Saxifraga oppositifolia,2017,202,19,0,0,124,AF,
Saxifraga oppositifolia,2017,205,19,0,0,127,AF,
Saxifraga oppositifolia,2017,208,19,0,0,127,AF,
Saxifraga oppositifolia,2017,212,19,0,0,108,AF,
Saxifraga oppositifolia,2017,157,21,0,0,0,AF,
Saxifraga oppositifolia,2017,161,21,47,0,0,AF,
Saxifraga oppositifolia,2017,163,21,66,15,0,EU,
Saxifraga oppositifolia,2017,167,21,7,87,0,"AF, SD",
Saxifraga oppositifolia,2017,169,21,0,98,0,SD,
Saxifraga oppositifolia,2017,172,21,5,20,82,"JL, AF",
Saxifraga oppositifolia,2017,175,21,5,11,90,JL,
Saxifraga oppositifolia,2017,178,21,0,8,91,SD,
Saxifraga oppositifolia,2017,181,21,0,10,93,JL,
Saxifraga oppositifolia,2017,184,21,0,2,97,SD,
Saxifraga oppositifolia,2017,187,21,0,6,89,SD,
Saxifraga oppositifolia,2017,190,21,0,0,89,"JL, SD",
Saxifraga oppositifolia,2017,193,21,0,1,86,JL,
Saxifraga oppositifolia,2017,196,21,0,0,90,JL,
Saxifraga oppositifolia,2017,199,21,0,0,22,"JL, N, E",
Saxifraga oppositifolia,2017,202,21,0,0,15,AF,
Saxifraga oppositifolia,2017,205,21,0,0,15,AF,
Saxifraga oppositifolia,2017,208,21,0,0,15,AF,
Saxifraga oppositifolia,2017,212,21,0,0,14,AF,
Saxifraga oppositifolia,2017,157,22,0,0,0,AF,
Saxifraga oppositifolia,2017,161,22,0,0,0,AF,
Saxifraga oppositifolia,2017,163,22,0,0,0,EU,
Saxifraga oppositifolia,2017,167,22,7,0,0,"AF, SD",
Saxifraga oppositifolia,2017,169,22,2,16,0,SD,
Saxifraga oppositifolia,2017,172,22,1,17,0,"JL, AF",
Saxifraga oppositifolia,2017,175,22,0,18,0,JL,
Saxifraga oppositifolia,2017,178,22,0,18,0,SD,
Saxifraga oppositifolia,2017,181,22,0,2,16,JL,
Saxifraga oppositifolia,2017,184,22,0,0,18,SD,
Saxifraga oppositifolia,2017,187,22,0,1,17,SD,
Saxifraga oppositifolia,2017,190,22,0,0,18,"JL, SD",
Saxifraga oppositifolia,2017,193,22,0,0,18,JL,
Saxifraga oppositifolia,2017,196,22,0,0,18,JL,
Saxifraga oppositifolia,2017,199,22,0,0,18,"JL, N, E",
Saxifraga oppositifolia,2017,202,22,0,0,18,AF,
Saxifraga oppositifolia,2017,205,22,0,0,18,AF,
Saxifraga oppositifolia,2017,208,22,0,0,18,AF,
Saxifraga oppositifolia,2017,212,22,0,0,18,AF,
Saxifraga oppositifolia,2017,157,23,0,0,0,AF,
Saxifraga oppositifolia,2017,161,23,0,0,0,AF,
Saxifraga oppositifolia,2017,163,23,11,0,0,EU,
Saxifraga oppositifolia,2017,167,23,11,9,0,"AF, SD",
Saxifraga oppositifolia,2017,169,23,2,17,0,SD,
Saxifraga oppositifolia,2017,172,23,0,12,11,"JL, AF",
Saxifraga oppositifolia,2017,175,23,0,4,15,JL,
Saxifraga oppositifolia,2017,178,23,0,2,17,SD,
Saxifraga oppositifolia,2017,181,23,0,0,19,JL,
Saxifraga oppositifolia,2017,184,23,0,0,19,SD,
Saxifraga oppositifolia,2017,187,23,0,0,19,SD,
Saxifraga oppositifolia,2017,190,23,0,0,17,"JL, SD",
Saxifraga oppositifolia,2017,193,23,0,0,17,JL,
Saxifraga oppositifolia,2017,196,23,0,0,14,JL,
Saxifraga oppositifolia,2017,199,23,0,0,8,"JL, N, E",
Saxifraga oppositifolia,2017,202,23,0,0,8,AF,
Saxifraga oppositifolia,2017,205,23,0,0,8,AF,
Saxifraga oppositifolia,2017,208,23,0,0,8,AF,
Saxifraga oppositifolia,2017,212,23,0,0,8,AF,
Saxifraga oppositifolia,2017,157,24,0,0,0,AF,
Saxifraga oppositifolia,2017,161,24,1,0,0,AF,
Saxifraga oppositifolia,2017,163,24,66,0,0,EU,
Saxifraga oppositifolia,2017,167,24,44,30,0,"AF, SD",
Saxifraga oppositifolia,2017,169,24,14,92,0,SD,
Saxifraga oppositifolia,2017,172,24,0,55,45,"JL, AF",
Saxifraga oppositifolia,2017,175,24,2,22,60,JL,
Saxifraga oppositifolia,2017,178,24,0,17,55,SD,
Saxifraga oppositifolia,2017,181,24,0,0,80,JL,
Saxifraga oppositifolia,2017,184,24,0,0,97,SD,
Saxifraga oppositifolia,2017,187,24,0,0,98,SD,
Saxifraga oppositifolia,2017,190,24,0,0,98,"JL, SD",
Saxifraga oppositifolia,2017,193,24,0,0,82,JL,
Saxifraga oppositifolia,2017,196,24,0,0,83,JL,
Saxifraga oppositifolia,2017,199,24,0,0,75,"JL, N, E",
Saxifraga oppositifolia,2017,202,24,0,1,77,AF,
Saxifraga oppositifolia,2017,205,24,0,1,77,AF,
Saxifraga oppositifolia,2017,208,24,0,0,77,AF,
Saxifraga oppositifolia,2017,212,24,0,0,73,AF,
Saxifraga oppositifolia,2017,157,25,0,0,0,AF,
Saxifraga oppositifolia,2017,161,25,0,0,0,AF,
Saxifraga oppositifolia,2017,163,25,4,0,0,EU,
Saxifraga oppositifolia,2017,167,25,5,4,0,"AF, SD",
Saxifraga oppositifolia,2017,169,25,2,8,0,SD,
Saxifraga oppositifolia,2017,172,25,0,6,5,"JL, AF",
Saxifraga oppositifolia,2017,175,25,1,7,3,JL,
Saxifraga oppositifolia,2017,178,25,0,4,7,SD,
Saxifraga oppositifolia,2017,181,25,0,3,8,JL,
Saxifraga oppositifolia,2017,184,25,0,1,12,SD,
Saxifraga oppositifolia,2017,187,25,0,0,9,SD,
Saxifraga oppositifolia,2017,190,25,0,0,11,"JL, SD",
Saxifraga oppositifolia,2017,193,25,0,0,9,JL,
Saxifraga oppositifolia,2017,196,25,0,0,9,JL,
Saxifraga oppositifolia,2017,199,25,0,0,13,"JL, N, E",
Saxifraga oppositifolia,2017,202,25,0,0,8,AF,
Saxifraga oppositifolia,2017,205,25,0,0,9,AF,
Saxifraga oppositifolia,2017,208,25,0,0,8,AF,
Saxifraga oppositifolia,2017,212,25,0,0,8,AF,